COM_CODE,UPC,DESCRIP,SIZE,CASE,NITEM
666,896111193,~OMEGA II LAUNDRY DE,25 LB,1,2825161
666,1111135091,ULTRA ALL,290 OZ,1,2825001
666,1111135101,$ULTRA ALL 85 USE,223 OZ,3,2859681
666,1111135104,ULTRA ALL 42 USE,110 OZ,4,2859661
666,1111135108,ULTRA ALL-30 USE,79 OZ,8,2859641
666,1111135110,~ULTRA ALL-18USE,48 OZ,10,2859621
666,1111135149,ULTRA ALL 150 LOAD B,150 EA,1,2869341
666,1111135218,ULTRA ALL FREE N CLR,48 OZ,10,2859701
666,1111135241,$ULTRA ALL FREE N CL,110 OZ,4,2859721
666,1111135265,CONC ALL $1.50 OFF,157 OZ,4,2859501
666,1111135340,CONCNTRTD ALL $2.50,20 LB,2,2859601
666,1111135403,NON PHOS CONC ALL,20 LB,2,2859601
666,1111135405,NON PHOS CONC ALL DE,157 OZ,4,2859501
666,1111135407,NON PHOS CONC ALL,84 OZ,6,2859451
665,1111135457,CONCENTRATED ALL .75,84 OZ,6,2859451
666,1111141003,~WISK STAIN FIGHTING,198 OZ,3,2867841
666,1111141004,STAIN FIGHTING WISK,98 OZ,4,2867801
666,1111141009,~STAIN FIGHTING WISK,70 OZ,8,2867821
666,1111141010,~STAIN FIGHTING WISK,42 OZ,10,2867761
666,1111141040,WISK POWDER W/BLEACH,125 OZ,4,2867861
666,1111141105,STAIN FIGHTING WISK,98 OZ,4,2867811
666,1111141131,WISK W/BLEACH POWDER,3.1 OZ,140,9868301
666,1111141151,"WISK POWDER ""BONUS P",119 OZ,4,2867801
666,1111141193,WISK W/BLEACH 67-USE,208 OZ,3,2867871
666,1111141203,WISK W/BLEACH 33 USE,103 OZ,4,2867861
666,1111141213,WISK W/BLEACH  14 US,44 OZ,10,2867851
666,1111141401,WISK POWER SCOOP 110,276 OZ,1,2867891
666,1111141403,~WISK POWER SCOOP 75,188 OZ,3,2867871
666,1111141404,~WISK POWER SCOOP 40,101 OZ,4,2867831
666,1111141408,~WISK PWR SCOOP 25 U,63 OZ,8,2867791
666,1111141412,~WISK POWER SCOOP 15,38 OZ,12,2867751
666,1111141415,~WISK UNSCNT PWR SCP,38 OZ,12,2867771
666,1111141425,WISK PWR SCOOP UNSC,63 OZ,8,2850040
666,1111141441,~UNSCENTED WISK POWE,101 OZ,4,2867781
666,1111142005,SURF POWDER,136 OZ,4,2873061
666,1111142009,SURF POWDER,72 OZ,8,2850020
666,1111142015,SURF POWDER,39 OZ,14,2873021
666,1111142086,SURF POWDER .75[ OFF,72 OZ,8,2873041
666,1111142118,~ULTRA SURF 18 USE,42 OZ,10,2867621
666,1111142127,SURF POWDER .40 OFF,39 OZ,14,2873021
666,1111142130,ULTRA SURF 30 USES,70 OZ,8,2867641
666,1111142140,SURF W/BLEACH POWDER,103 OZ,4,2867731
666,1111142142,ULTRA SURF 42 USES,98 OZ,4,2867661
666,1111142166,SURF W/BLEACH 67 USE,208 OZ,3,2867881
666,1111142185,ULTRA SURF 85 USE,194 OZ,3,2867681
666,1111142244,SURF POWDER $1.50 OF,136 OZ,4,2873061
666,1111142250,SURF POWDER 42 LD,98 OZ,4,2867661
666,1111142426,SURF WITH BLEACHING,75 OZ,8,2867721
666,1111142434,SURF W/BLEACH 33-USE,87 OZ,4,2867731
666,1111142460,~SURF/W BLEACHING AC,44 OZ,10,2867701
666,1111147379,SUNLIGHT AUTO PWDR P,85 OZ,8,2856941
665,1111148001,ULTRA SURF LIQUID,50 OZ,8,2869481
665,1111148003,SURF LIQUID,128 OZ,4,2869261
665,1111148004,SURF LIQUID,96 OZ,6,2869241
665,1111148005,ULTRA SURF LIQ REFIL,90 OZ,6,2869501
665,1111148006,~ULTRA SURF LIQ,100 OZ,4,2869491
665,1111148009,SURF LIQUID,64 OZ,9,2869221
665,1111148022,~DBL POWER SURF REFI,26 OZ,16,2869231
665,1111148026,SURF LIQ,128 OZ,4,2869261
665,1111148032,DOUBLE POWER SURF LI,32 OZ,12,2869251
665,1111148064,DOUBLE POWER SURF LI,64 OZ,6,2869271
665,1111148089,SURF LIQUID PP $8.49,128 OZ,4,2869261
665,1111148128,~DP SURF LIQUID DETE,128 OZ,4,2869241
665,1111148155,SURF $1.00 OFF,64 OZ,9,9928200
665,1111148167,SURF P.P $6.99,128 OZ,4,2869261
665,1111148263,SURF 1.5 OFF,96 OZ,6,9928060
665,1111148325,SURF LIQUID PP $6.49,96 OZ,6,2869241
665,1111148399,SURF LIQUID,64 OZ,9,2869221
665,1111148430,SURF LIQUID,96 OZ,6,2869241
665,1111148439,SURF LIQUID PP $4.39,64 OZ,9,2869221
665,1111148485,SURF $2 OFF,128 OZ,4,9928000
665,1111148502,SURF LIQUID,200 OZ,2,2867751
665,1111148526,SURF LIQ W/BLEACH AL,100 OZ,4,2869501
665,1111187001,~WISK PRETREATER,25 OZ,16,2869381
665,1111187005,ULTRA WISK LIQ REFIL,90 OZ,6,2869411
665,1111187022,~DOUBLE POWER WISK R,26 OZ,16,2868081
665,1111187023,ULTRA WISK LIQUID RE,200 OZ,2,2869431
665,1111187026,WISK $2.00 OFF LABEL,128 OZ,4,2868211
665,1111187028,DOUBLE POWER WISK,128 OZ,4,2868161
665,1111187032,DOUBLE POWER WISK,32 OZ,12,2868121
665,1111187041,ULTRA WISK FREE LIQU,50 OZ,8,2869441
665,1111187042,WISK PP $5.99,96 OZ,6,2868131
665,1111187049,ULTRA WISK LIQUID FR,100 OZ,4,2869451
665,1111187050,ULTRA WISK LIQUID,50 OZ,8,2869401
665,1111187053,ULTRA WISK W/BLEACH,100 OZ,4,2869471
665,1111187055,WISK LIQUID W/COLOR,200 OZ,2,2869511
665,1111187058,~ULTRA WISK W/BLCH L,50 OZ,8,2869461
665,1111187063,DOUBLE POWER WISK,64 OZ,6,2868171
665,1111187090,WISK UNSCENTED $2.00,128 OZ,4,286812
665,1111187095,~DOUBLE POWER WISK,96 OZ,4,2868111
665,1111187098,ULTRA WISK LIQUID RE,100 OZ,4,2869421
665,1111187126,~DBL POWER WISK FREE,26 OZ,16,2868091
665,1111187134,~DOUBLE POWER WISK F,32 OZ,12,2868151
665,1111187136,WISK UNSCENTED,96 OZ,6,2868111
665,1111187150,WISK UNSCENTED,96 OZ,6,2868111
665,1111187166,DOUBLE POWER WISK FR,64 OZ,6,2868191
665,1111187202,WISK POWER PLUS UNSC,128 OZ,4,2868311
665,1111187228,WISK W/STAIN FIGHTIN,128 OZ,4,2868061
665,1111187232,WISK W/STAIN FIGHTIN,32 OZ,12,2868041
665,1111187264,~WISK W/STAIN FIGHTI,64 OZ,6,2868051
665,1111187270,WISK UNSCN $1.00 OFF,64 OZ,9,2868141
665,1111187301,WISK POWER PLUS,160 OZ,4,2868221
665,1111187340,WISK LIQUID,96 OZ,6,2868131
665,1111187383,WISK $1.00 OFF LABEL,64 OZ,9,2868201
665,1111187404,NP WISK HD LIQ DET,128 OZ,4,2868211
665,1111187405,WISK LIQUID,96 OZ,6,2868131
665,1111187406,NP WISK HD LIQ DET,64 OZ,9,2868201
665,1111187407,WISK LIQUID UNSCENTE,96 OZ,6,2868111
665,1111187410,WISK UNSCENTED,64 OZ,9,2868141
665,1111187412,WISK LIQUID,32 OZ,16,2868101
665,1111189004,LIQUID ALL W/BLEACH,64 OZ,9,2869331
665,1111189014,~LIQ ALL W/BLCH,64 OZ,9,2869331
665,1111189026,~DBL POWER LIQ ALL R,26 OZ,16,2869121
665,1111189029,~DBL PWR LIQ ALL PP$,32 OZ,12,2869211
665,1111189031,~DBL PWR LIQUID ALL,32 OZ,12,2869211
665,1111189038,LIQUID ALL W/BLEACH,128 OZ,4,2869321
665,1111189039,~DBL PWR LIQ ALL PP$,32 OZ,12,2869211
665,1111189048,LIQ ALL W/BLCH PP $5,128 OZ,4,2869321
665,1111189049,~DBL PWR LIQ ALL PP$,64 OZ,6,2869001
665,1111189064,~DBL PWR LIQUID ALL,64 OZ,6,2869001
665,1111189075,~DBL PWR LIQ ALL PP$,64 OZ,6,2869001
665,1111189085,DBL PWR LIQ ALL PP$7,96 OZ,4,2869041
665,1111189086,~LIQ ALL PP2.99,64 OZ,9,2869181
665,1111189096,ÂDBL PWR LIQUID ALL,96 OZ,4,2869041
665,1111189115,DBL PWR LIQ ALL PP$7,96 OZ,4,2869041
665,1111189128,~DOUBLE POWER LIQUID,128 OZ,4,2869201
665,1111189129,LIQUID ALL FREE PP $,64 OZ,9,2869131
665,1111189170,LIQUID ALL,128 OZ,4,2869171
665,1111189175,LIQUID ALL PP $5.99,128 OZ,4,2869171
665,1111189182,~BLEACHING ACTION AL,128 OZ,4,2868291
665,1111189198,LIQ ALL STD DENSITY,200 OZ,2,2869201
665,1111189199,LQ.ALL FREE'N CLR$5.,128 OZ,4,2869141
665,1111189203,NP LIQUID ALL DETERG,96 OZ,6,2869151
665,1111189206,LIQUID ALL,64 OZ,9,2869111
665,1111189209,LIQUID ALL FREE N CL,64 OZ,9,2869131
665,1111189226,~DOUBLE POWER LQ ALL,26 OZ,16,2869161
665,1111189232,DBL PWR LIQ ALL FR/C,32 OZ,12,2869101
665,1111189240,DBL PWR LQD ALL PP$2,32 OZ,12,2869101
665,1111189264,~DBL PWR LIQ ALL FRE,64 OZ,6,2869021
665,1111189275,DBL POWER LQD ALL PP,64 OZ,6,2869021
665,1111189291,LIQUID ALL PP 5.49,128 OZ,4,2869191
665,1111189294,DBL PWR LQD ALL PP$2,32 OZ,12,2869101
665,1111189299,~LIQ ALL FREE'N CLR,64 OZ,9,2869311
665,1111189327,LIQUID ALL,96 OZ,6,2869151
665,1111189329,LIQUID ALL PP $3.29,64 OZ,9,2869111
665,1111189339,~BLEACHING ACTION AL,32 OZ,12,2868131
665,1111189379,LIQ ALL FREE PP $5.7,128 OZ,4,2869291
665,1111189400,LIQUID ALL,160 OZ,4,2869221
665,1111189403,LIQUID ALL,128 OZ,4,2869191
665,1111189415,LIQUID ALL REFILL,115 OZ,4,2869231
665,1111189428,LIQUID ALL FREE N CL,128 OZ,4,2869141
665,1111189453,LIQ ALL FREE PP $5.4,128 OZ,4,2869291
665,1111189469,LIQUID ALL PP $4.69,96 OZ,6,2869151
665,1111189479,LIQ ALL W/BLCH PP$5.,128 OZ,4,2869321
665,1111189490,~DB PWR BLCH ACTN AL,64 OZ,6,2868141
665,1111189529,LIQ ALL PP 5.79,128 OZ,4,2869191
665,1111189566,LIQ ALL W/BLCH PP 5.,128 OZ,4,2869321
665,1111189579,LIQ ALL PP $5.79,128 OZ,4,2869191
665,1111189597,LIQ ALL FREE PP 5.79,128 OZ,4,2869291
666,2240000440,STATIC GUARD SHIPPER,3 OZ,60,9800621
665,2400004870,LIQ PUREX W/BLEACH P,128 OZ,3,2873621
666,2420001504,PUREX DETG DENSE PK,147 OZ,4,2873651
666,2420001522,PUREX PWDR PP $5.29,147 OZ,4,2873651
666,2420001527,~PUREX HD DRY CLASSI,121 OZ,4,2873721
666,2420001573,~PUREX CLASSIC PP$5.,121 OZ,4,2873721
666,2420001575,ULTRA PUREX 18 LOADS,28 OZ,10,2873741
666,2420001576,ULTRA PUREX 30 LOADS,47 OZ,8,2873761
666,2420001583,ULTRA PUREX PP 2.89,28 OZ,10,2873741
666,2420001584,ULTRA PUREX PP 4.79,47 OZ,8,2873761
666,2420001607,TREND DETERGENT,32 OZ,12,2820020
666,2420001609,ULTRA PUREX PP$4.99,42 OZ,4,2873731
666,2420001809,~ULTRA PUREX W/BLCH5,73 OZ,4,2873711
666,2420001818,PUREX ULTRA 42 USE L,42USES,4,2873741
665,2420004823,PUREX LIQ DET PP $2.,64 OZ,6,2873671
665,2420004825,PUREX LIQ DET PP $5.,128 OZ,3,2873691
665,2420004850,ÂLIQ PUREX W/BLEWACH,64 OZ,6,2873601
665,2420004855,PUREX HDL W/BLCH,128 OZ,3,2873621
665,2420004865,~LIQ PUREX W/BLEACH,64 OZ,6,2873601
665,2420004870,LIQ PUREX W/BLEACH P,128 OZ,3,2873691
665,2420004874,PUREX LIQ DET PP 2.7,64 OZ,6,2873671
665,2420004875,PUREX LIQ DET,64 OZ,6,2873671
665,2420004894,PUREX HDL LQD,128 OZ,4,2873691
665,2420004895,PUREX HDL LQD,128 OZ,4,2873691
666,2420008942,DUTCH HD DETERGENT,36 OZ,12,2860501
666,2420008952,DUTCH HD DETERGENT,32 OZ,12,2860501
666,2420008955,DUTCH DRY PP $1.19,32 OZ,12,2860501
666,2420013900,DIAPER SWEET,19 OZ,12,2803000
666,2490001352,KLEEN POWDER LAUNDRY,171 OZ,4,280020
666,2490001355,KLEEN WHITE DETERGEN,112 OZ,4,2800210
666,2490085516,GENERIC ALLPP DET,32 OZ,12,2859421
666,3320006180,~A&H PWR FRSH FREE,4.8LB,10,2880331
666,3320006188,A&H PWR FRSH FREE,72 OZ,10,2880331
666,3320006200,A&H ULTRA FRESH PWD,72 OZ,10,2880321
666,3320006208,A & H POWDER PP3.29,72 OZ,10,2880321
666,3320006209,A & H POWDER PP3.29,72 OZ,8,2880321
666,3320006350,A&H PWR FRSH W/BLEAC,8.8 LB,4,2880371
666,3320006400,A&H ULTRA FRESH POWD,10 LB,4,2880341
666,3320006409,A&H ULTRA FRSH POWDE,10 LB,4,2880341
666,3320006410,A&H PWR FR FREE,10 LB,4,2880351
666,3320006419,A&H PWR FR FREE,160 OZ,4,2880351
666,3320006600,~A&H POWER FRESH POW,15 LB,3,2880361
666,3320006609,A&H ULTRA FRESH PDWR,15 LB,3,2880361
666,3320006750,A&H PWR FRSH W/BLCH,17.7 L,2,2880391
666,3320006850,A&H ULTRA FRESH POWD,21.25L,2,2880381
666,3320006859,A&H ULTRA FRESH PDWR,21.4 L,2,2880381
666,3320007220,A&H LAUNDRY DETG,14 LB,3,2880271
666,3320007221,A&H LAUNDRY DETG,14 LB,3,2880271
666,3320007222,A&HPOWDER PP $ 5.69,14 LB,3,9928140
666,3320007225,A&H POWDER PP$5.99,14 LB,3,2880271
666,3320007249,A&H POWDERED LAUNDRY,28 OZ,12,9801571
666,3320007270,A&H POWDER DETERGENT,25 LB,2,2880291
666,3320007273,A&H POWDER PP 9.99,25 LB,2,9928230
666,3320007274,A&H POWDER PP$10.49,25 LB,2,2880291
666,3320007291,A & H POWDERED DETER,7 LB,6,2880251
666,3320007293,A & H DETER. PP$3.29,7 LB,6,2880251
665,3320008050,A&H LQD DETGNT,64 OZ,6,2868181
665,3320008054,~A&H HEAVY DUTY LIQU,64 OZ,6,2868181
665,3320008057,A&H LIQUID DET,64 OZ,6,2868181
665,3320008064,ARM & HAMMER LIQ. $4,96 OZ,4,2868191
665,3320008067,A&H HVY DY LIQ PP$3.,96 OZ,4,2868191
665,3320008070,A&H HEAVY DUTY LIQ D,128 OZ,4,2868221
665,3320008074,A&H LIQ DET PP $5.69,128 OZ,4,2868221
665,3320008077,A&H LIQ PP $5.39,128 OZ,4,9968220
665,3320009030,~PWR FRESH LIQ DET,32 OZ,12,2868201
665,3320009031,PWR FRSH LIQ DET PP,32 OZ,12,2868201
665,3320009060,PWR FRSH LIQ DETERGE,64 OZ,6,2868211
665,3320009061,PWR FRSH LIQ DET PP,64 OZ,6,2868211
665,3320009130,~PWR FRSH LIQ DET FR,32 OZ,12,2868261
665,3320009131,~PWR FRSH LIQ DET FR,32 OZ,12,2868261
665,3320009260,A&H SUPER CONC LIQ W,64 OZ,4,2868181
665,3320009400,~A & H LIQ LAUNDRY D,50 OZ,8,2868041
665,3320009420,A&H LIQ LAUNDRY W/BL,50 OZ,8,2868061
665,3320009500,ARM & HAMMER LIQ LND,100 OZ,4,2868001
665,3320009520,ARM & HAMMER LIQ LND,100 OZ,4,2868021
666,3500005000,FAB ONE SHOT GIANT S,10 CT.,16,287000
666,3500005003,FAB ONE SHOT .40[ OF,10 CT.,16,287000
666,3500005010,FAB ONE SHOT KING SI,16 CT.,10,2870021
666,3500005011,FAB ONE SHOT .75[ OF,16 CT.,10,2870021
666,3500005157,FRESH START $.75 OFF,33 OZ,8,2876541
666,3500005341,FRESH START DET,33 OZ,8,2876541
666,3500005342,FRESH START LAUN.DET,67 OZ,6,287656
666,3500030000,AJAX ULTRA 10 LOADS,23 OZ,12,2876701
666,3500030100,$ AJAX ULTRA 18 LOAD,42 OZ,10,2876721
666,3500030200,AJAX ULTRA 42 LOADS,98 OZ,4,2876741
666,3500030300,AJAX ULTRA 85 LOADS,198 OZ,3,2876761
666,3500031000,FAB ULTRA 10 LOADS,23 OZ,12,2876621
666,3500031100,$ FAB ULTRA 18 LOAD,42 OZ,10,2876641
666,3500031200,FAB ULTRA 42 LOADS,98 OZ,4,2876661
666,3500031300,FAB ULTRA 85 LOADS,198 OZ,3,2876681
666,3500033760,FRESH START DETERGEN,30 OZ,8,2876541
666,3500034100,FRESH START DET,33 OZ,8,2876541
666,3500034175,FRESH START $.75 OFF,33 OZ,8,2876541
666,3500034200,FRESH START LAUN.DET,67 OZ,6,287656
666,3500035100,FAB ONE SHOT GIANT S,10 CT.,16,287000
666,3500035140,FAB ONE SHOT .40[ OF,10 CT.,16,287000
666,3500035200,FAB ONE SHOT KING SI,16 CT.,10,2870021
666,3500035275,FAB ONE SHOT .75[ OF,16 CT.,10,2870021
665,3500040500,DYNAMO 2 LIQ DETERGE,64 OZ,9,2868261
665,3500040600,DYNAMO LAUNDRY DETER,128 OZ,6,2868271
665,3500042100,FAB ULTRA LIQUID,64 OZ,9,2868281
665,3500042200,ÂFAB LIQ 7.99 PREPAC,128 OZ,6,2868331
665,3500048105,end,50 OZ,9,2868381
665,3500048132,~DYNAMO 64 OZ + 50%,96 OZ,6,2868391
665,3500048139,DYNAMO,64 OZ,9,2868261
665,3500048149,DYNAMO PP$3.49,64 OZ,9,2868261
665,3500048189,DYNAMO PP$3.49,64 OZ,9,2868261
665,3500048229,DYNAMO PP $7.29,128 OZ,6,2868271
665,3500048428,~DYNAMO LIQ LNDRY PP,50 OZ,9,2868381
665,3500048505,~FAB ULTRA LIQUID 3.,50 OZ,9,2868341
665,3500048575,~FAB LIQUID 50% FREE,75 OZ,6,2868351
665,3500048679,FAB LIQ,64 OZ,1,2869021
665,3500048689,FAB LIQ PP $3.99,64 OZ,9,2869021
665,3500048791,~FAB LIQ 7.99 PREPAC,128 OZ,6,2868331
665,3500048793,FAB LIQ 7.99 PREPACK,128 OZ,6,2868331
665,3500049613,AJAX LIQUID LAUNDRY,128 OZ,6,2868551
665,3500049629,AJAX LIQ LNDRY DET P,96 OZ,6,2868311
665,3500049800,AJAX LIQ DETERGENT,64 OZ,9,2868301
665,3500049805,~AJAX ULTRA LIQ 299P,50 OZ,9,2868431
665,3500049809,AJAX REFILL $4.99PP,90 OZ,4,2868531
665,3500049879,AJAX HDL PP $2.79,64 OZ,9,2868301
665,3500049899,~AJAX LIQ 2.99,64 OZ,9,2868411
665,3500049900,AJAX LIQUID LAUNDRY,128 OZ,6,2868551
665,3500049938,~AJAX LDRY DETERGENT,100 OZ,4,2868541
665,3500049939,AJAX LIQ DET PP 5.39,128 OZ,6,2868321
665,3500049940,end,128 OZ,6,2868551
665,3500049979,AJAX LAUNDRY DETERGE,100 OZ,4,2868541
665,3500049999,AJAX HDL,128 OZ,6,2868321
665,3700000810,LIQUID BOLD 3 KING S,64 OZ,9,2869081
665,3700000842,ERA LIQUID DETERGENT,32 OZ,8,2820030
665,3700000843,ERA H D LIQ DETERG,64 OZ,9,2868601
665,3700000844,ERA H D LIQ DETERG,128 OZ,4,2868701
665,3700000932,LQD CHEER COLOR G,64 OZ,9,2867921
665,3700000942,LIQUID CHEER,64 OZ,9,2867921
665,3700000943,LIQUID CHEER,128 OZ,4,2867961
665,3700000946,TIDE LIQUID FAMILY S,128 OZ,4,2868061
665,3700000948,LIQ TIDE,96 OZ,6,2868041
665,3700000953,SOLO HD LIQ DETG,64 OZ,9,2868841
665,3700000954,SOLO HD LIQUID DETG.,128 OZ,4,2868881
665,3700000955,SOLO DETERGENT,96 OZ,6,2868861
665,3700000960,SOLO KING SIZE 75[ O,64 OZ,9,2868841
665,3700000961,SOLO FAMILY SZ $1.50,128 OZ,4,2868881
665,3700000964,SOLO FAMILY SZ PP $5,128 OZ,4,2868881
665,3700000989,LIQ TIDE GIANT SIZE,32 OZ,16,2868001
665,3700000991,LIQ TIDE KING SIZE,64 OZ,9,2868021
665,3700030295,CHEER FREE LIQ 64 US,200 OZ,2,2860481
665,3700030366,CHEER W/CLRGUARD BLC,100 OZ,4,2860471
665,3700030372,ERA W/BLEACH LIQ 52-,200 OZ,2,2868651
665,3700030373,CHEER FREE LIQ DRC 3,100 OZ,4,2860461
665,3700080030,ERA W/BLCH LIQ SYSTE,100 OZ,4,2868731
665,3700080054,ERA LIQ SYSTEM PACK,200 OZ,2,2868751
666,3700080183,CHEER FREE POWDER UL,39 OZ,12,2870181
666,3700080184,CHEER POWDER ULTRA 2,39 OZ,12,2870141
666,3700080185,CHEER W/BLEACH POWDE,37 OZ,12,2870201
666,3700080188,IVORY SNOW ULTRA 2,32 OZ,12,2870251
666,3700080189,OXYDOL POWDER ULTRA,37 OZ,12,2870231
666,3700080190,DREFT POWDER ULTRA 2,37 OZ,12,2870271
666,3700080191,TIDE SCENTED POWDER,39 OZ,12,2870011
666,3700080192,TIDE FREE POWDER ULT,39 OZ,12,2870111
666,3700080193,TIDE W/BLEACH ULTRA,44 OZ,12,2870061
666,3700080194,TIDE SCENTED POWDER,263 OZ,1,2870051
666,3700080195,TIDE W/BLEACH POWDER,297 OZ,1,2870101
666,3700090070,NP BOLD W/FAB SOFTNR,67 OZ,8,2874201
666,3700090077,BOLD POWDER $1.00 OF,67 OZ,8,2874201
666,3700090201,~ULTRA CHEER 10 LOAD,23 OZ,15,2860161
666,3700090202,~ULTRA CHEER 18 LOAD,42 OZ,10,2860181
666,3700090203,~ULTRA CHR 30 LOADS,70 OZ,8,2860201
666,3700090204,~ULTRA CHEER42 LOADS,98 OZ,4,2860221
666,3700090205,~ULTRA CHEER 85 LOAD,198 OZ,3,2860241
666,3700090210,CHEER REGULAR DETERG,17 OZ,24,2820010
666,3700090215,CHEER W/COLOR GRD $2,136 OZ,4,2871811
666,3700090230,N P CHEER DETG KING,67 OZ,8,2871801
666,3700090238,CHEER 75[ OFF,67 OZ,8,2871801
666,3700090240,CHEER PWDR W/COLOR G,136 OZ,4,2871811
666,3700090290,CHEER PWDR W/COLOR G,39 OZ,14,2871701
666,3700090294,CHEER W/ COLOR GRD .,39 OZ,14,2871701
666,3700090355,LEMON DASH POWDER,50 OZ,14,2876801
666,3700090360,LEMON DASH,176 OZ,4,2876821
666,3700090391,DASH POWDER PP $1.69,50 OZ,14,2876801
666,3700090403,~ULTRA DREFT,42 OZ,10,2866201
665,3700090404,LIQ DREFT,50 OZ,8,2867981
666,3700090430,DREFT POWDER DETERGE,39 OZ,14,9906200
665,3700090450,LIQ DREFT KNG SIZE,64 OZ,9,2867971
666,3700090770,ULTRA GAIN 18 LOADS,42 OZ,10,2860321
666,3700090781,~ULTRA GAIN W/BLCH,104 OZ,4,2860361
666,3700090782,~ULTRA GAIN W/BLECH,44 OZ,10,2860351
666,3700090790,~ULTRA GAIN 30LOADS,70 OZ,8,2860341
666,3700090950,NP IVORY SNOW,32 OZ,14,2865700
666,3700090952,ULTRA IVORY-SNOW,42 OZ,10,2865710
665,3700090960,LIQ IVORY SNOW KING,64 OZ,9,2867981
665,3700090961,LIQ IVORY SNOW,50 OZ,8,2867940
666,3700091030,OXYDOL KNG SIZE,67 OZ,8,2875501
666,3700091055,OXYDOL KING SIZE,67 OZ,8,2875501
666,3700091060,~ULTRA OXYDOL 18 LOA,44 OZ,10,2860261
666,3700091070,ULTRA OXYDOL 30 LOAD,76 OZ,8,2860281
666,3700091080,~ULTRA OXYDOL 42 LOA,104 OZ,4,2860301
666,3700091210,NP TIDE DET SCNTD RE,16 OZ,24,2873401
666,3700091221,~ULTRA TDE SCNT 10 L,23 OZ,15,2860001
666,3700091222,~ULTRA TDE SCNTD 18,42 OZ,10,2860021
666,3700091223,~ULTRA TIDE SCNT 30,70 OZ,8,2860061
666,3700091224,~ULTRA TIDE SCNT 42,98 OZ,4,2860101
666,3700091225,~ULTRA TDE SCNTD 85,198 OZ,3,2860141
666,3700091230,TIDE DET KING SIZE,67 OZ,8,2873601
666,3700091237,TIDE SCNTD 75[ OFF L,67 OZ,8,2873601
666,3700091240,TIDE DETG FAMILY,136 OZ,4,2873701
666,3700091246,TIDE POWDER $1.50 OF,136 OZ,4,2873701
666,3700091290,TIDE DETERGENT GIANT,39 OZ,14,2873501
666,3700091295,TIDE GIANT 40[ OFF,39 OZ,14,2873501
665,3700091310,ERA PP $5.99,96 OZ,6,2868651
665,3700091318,ERA LIQ SYSTEM PACK,100 OZ,4,2868721
665,3700091402,ERA PRETREATER BOTTL,8 OZ,42,9800651
665,3700091404,ERA LIQ DETERGENT RE,150 OZ,4,2868711
665,3700091421,ERA KING SIZE,64 OZ,9,2868601
665,3700091441,~ERA W/BLCH ALTERNAT,50 OZ,8,2868631
665,3700091442,ERA W/BLEACH ALTERNA,100 OZ,4,2868731
665,3700091447,ERA LIQUID FAM SZ $2,128 OZ,4,2868701
665,3700091450,ERA DETERGENT,96 OZ,6,2868651
665,3700091451,ERA BONUS PAK,96 OZ,6,9928500
665,3700091453,ERA $1.00 OFFLABEL,96 OZ,6,2868651
665,3700091492,~ERA LIQ LAUNDRY DET,50 OZ,8,2868621
665,3700091493,ERA LIQ LAUNDRY DETE,100 OZ,4,2868721
665,3700091494,ERA LIQUID,150 OZ,4,2868731
665,3700091495,ÂERA REFILL,40 OZ,12,2868641
665,3700091496,~ERA LIQ REFILL,90 OZ,6,2868641
665,3700091497,ERA LIQUID DETERGENT,200 OZ,2,2868751
666,3700091700,TIDE UNSCNTD GNT SIZ,39 OZ,14,2873511
666,3700091703,TIDE UNSC. GT. 40[ O,39 OZ,14,2873511
666,3700091716,~ULTRA TDE UNSCNT 18,42 OZ,10,2860041
666,3700091717,~ULTRA TIDE UNSCNT 3,70 OZ,8,2860081
666,3700091718,~ULTRA TDE UNSCNT 42,98 OZ,4,2860121
666,3700091740,TIDE FAMILY SIZE UNS,136 OZ,4,2873711
666,3700091753,TIDE UNSCNTD $1.50 O,136 OZ,4,2873711
666,3700091766,TIDE FREE POWDER ULT,92 OZ,4,2870121
666,3700091780,TIDE FAMILY SIZE UNS,136 OZ,4,2873711
666,3700091790,TIDE UNSCNTD GNT SIZ,39 OZ,14,2873511
665,3700091806,LQ TIDE REFILL,90 OZ,6,2868471
665,3700091807,TIDE FREE LQ REFILL,90 OZ,6,2868601
665,3700091825,LIQUID TIDE W/BLEACH,64 OZ,9,2869361
665,3700091828,LQ TIDE W/BLEACH ALT,50 OZ,8,2868521
665,3700091829,LQ TDE W/BLEACH ALT,100 OZ,4,2868501
665,3700091833,~LIQ TIDE W/BLCH,150 OZ,4,2868481
665,3700091837,~LQ TIDE W/BLEACH RE,40 OZ,12,2868541
665,3700091840,LIQUID TIDE W/BLEACH,128 OZ,4,2869401
665,3700091855,TIDE W/BLEACH LQ REF,90 OZ,6,2868611
665,3700091856,LIQ TIDE W/BLEACH,200 OZ,2,2868511
665,3700091859,TIDE LIQUID W/BLCH R,150 OZ,4,2868691
665,3700092203,LIQUID TIDE,64 OZ,9,2868021
665,3700092215,LIQUID TIDE,96 OZ,6,2868041
665,3700092216,LIQUID TIDE $1.50 OF,96 OZ,6,2868041
665,3700092220,LIQUID TIDE UNSCENTE,96 OZ,6,2868081
665,3700092221,LIQUID TIDE UN,96 OZ,6,2868081
665,3700092230,LIQUID TIDE FREE,64 OZ,9,2868071
665,3700092240,LIQUID TIDE,128 OZ,4,2868061
665,3700092243,LIQUID TIDE $2.00 OF,128 OZ,4,2868061
665,3700092245,UNSC LIQ TIDE FAM,128 OZ,4,2868051
665,3700092246,LIQUID TIDE UN,128 OZ,4,2868051
665,3700092247,LIQUID TIDE UNSCNTD,128 OZ,4,2868051
665,3700092251,TIDE LIQUID VALUE PA,256 OZ,2,2868091
665,3700092252,LIQUID TIDE UN,96 OZ,6,2868081
665,3700092255,LIQUID TIDE UN,64 OZ,9,2868011
665,3700092263,LIQ TIDE REG,200 OZ,2,2868491
665,3700092283,TIDE LIQUID SC REFIL,150 OZ,4,2868681
665,3700092287,~TDE PRE-TREATER,25 OZ,16,2868391
665,3700092290,LQ TIDE,50 OZ,8,2868441
665,3700092291,LQ TIDE,100 OZ,4,2868421
665,3700092292,~LIQ TIDE,150 OZ,4,2868401
665,3700092295,~LQ TIDE REFILL,40 OZ,12,2868461
665,3700092296,LQ TIDE FREE REFILL,40 OZ,12,2868591
665,3700092297,LQ TIDE FREE,100 OZ,4,2868561
665,3700092299,~LIQ TIDE FREE,50 OZ,8,2868581
666,3700092700,TIDE POWDER W/BLEACH,136 OZ,4,2873721
666,3700092701,TIDE PWR. $1.50 OFF,136 OZ,4,2873721
666,3700092710,~ULTRA TDE W/BLCH,47 OZ,10,2860051
666,3700092714,~ULTRA TDE W/BLCH,224 OZ,3,2860151
666,3700092715,~ULTRA TIDE/W BLCH,80 OZ,8,2860091
666,3700092720,TIDE POWDER W/BLEACH,67 OZ,8,2873621
666,3700092721,TIDE POWDER W/BLEACH,67 OZ,8,2873621
666,3700092730,~ULTRA TIDE W/BLEACH,110 OZ,4,2860131
666,3700092740,TIDE POWDER WITH BLE,39 OZ,14,2873521
666,3700092741,TIDE WITH BLEACH 40[,39 OZ,14,2873521
666,3700092754,~TDE W/BLCH PLYBG RE,170 OZ,4,2876991
666,3700092782,TIDE POWDER,317 OZ,1,2860111
666,3700092785,TIDE W/BLEACH POWDER,210 OZ,3,2870091
666,3700092786,TIDE W/BLEACH ULTRA,159 OZ,4,2870081
666,3700092787,TIDE W/BLEACH ULTRA,103 OZ,4,2870071
666,3700093000,~ULTRA BOLD,70 OZ,8,2876941
666,3700093001,ULTRA BOLD,98 OZ,4,2876921
666,3700093002,ULTRA BOLD,42 OZ,10,2876901
666,3700093011,BOLD POWDER ULTRA 2,85 OZ,4,2870221
666,3700093070,NP BOLD W/FAB SOFTNR,67 OZ,8,2874201
666,3700093077,BOLD POWDER $1.00 OF,72 OZ,8,2874201
666,3700093205,~CHEER REG POLY REFI,152 OZ,4,2877001
666,3700093210,CHEER REGULAR DETERG,17 OZ,24,2820010
666,3700093218,~ULTRA CHEER W/COLOR,45 OZ,10,2860371
666,3700093219,~ULTRA CHEER W/ CLR,77 OZ,8,2860381
666,3700093220,~ULTRA CHEER COLOR G,106 OZ,4,2860451
666,3700093240,CHEER PWDR W/COLOR G,136 OZ,4,2871811
666,3700093241,CHEER POWDER ULTRA 2,22 OZ,12,2870131
666,3700093243,CHEER POWDER ULTRA 2,92 OZ,4,2870151
666,3700093244,CHEER POWDER ULTRA 2,142 OZ,4,2870161
666,3700093245,CHEER POWDER ULTRA 2,186 OZ,3,2870171
666,3700093254,CHEERFREE POWDER ULT,92 OZ,4,2870191
666,3700093257,CHEER W/BLEACH POWDE,87 OZ,4,2870211
666,3700093271,~ULTRA CHEER FREE 42,98 OZ,4,2860231
666,3700093281,~ULTRA CHEER FREE 18,42 OZ,10,2860191
666,3700093290,CHEER DETERGENT GIAN,42 OZ,14,287170
666,3700093305,LEMON DASH,176 OZ,4,2876821
666,3700093342,~ULTRA DASH,89 OZ,4,2876861
666,3700093343,~ULTRA DASH,38 OZ,10,2876841
666,3700093344,ULTRA DASH,179 OZ,3,2876881
666,3700093422,DREFT POWERED DETERG,39 OZ,14,2866201
666,3700093501,OXYDOL POWDER ULTRA,87 OZ,4,2870241
666,3700093610,NP TIDE DET SCNTD RE,16 OZ,24,2873401
666,3700093643,~TDE REG POLYBG REFI,152 OZ,4,2876981
666,3700093650,TIDE-ECONOMY-SIZE,368 OZ,1,2873751
666,3700093651,ULTRA TIDE SCENTED 1,280 OZ,1,2859981
666,3700093673,TIDE SCENTED POWDER,22 OZ,12,2870001
666,3700093675,TIDE SCENTED POWDER,92 OZ,4,2870021
666,3700093676,TIDE SCENTED POWDER,186 OZ,3,2870041
666,3700093678,TIDE SCENTED POWDER,142 OZ,4,2870031
666,3700093690,TIDE DETERGENT GIANT,39 OZ,14,2873501
666,3700093721,GAIN W/BLEACH ULTRA,87 OZ,4,2870261
665,3700095100,LIQ CHEER FREE KING,64 OZ,9,2867901
665,3700095102,LIQUID CHEER,64 OZ,9,2867901
665,3700095104,LQ CHEER FREE PP $3.,64 OZ,9,2867901
665,3700095113,~CHEER FREE LIQ,50 OZ,8,2867521
665,3700095114,LQ CHEERFREE,100 OZ,4,2867491
665,3700095116,~LIQ CHEERFREE REFIL,40 OZ,12,2867551
665,3700095118,~CHEER FREE LIQ REFI,90 OZ,6,2867571
665,3700095130,LIQ CHEER FREE FAMIL,128 OZ,4,2867911
665,3700095136,~CHEER LIQ REGULAR,200 OZ,2,2868761
665,3700096004,SOLO PP $4.99,96 OZ,6,2868861
665,3700096006,SOLO $1.00 OFF,96 OZ,6,2868861
665,3700096018,~SOLO W/BOLD SAMPLE,100 OZ,4,2868901
665,3700096061,~SOLO,100 OZ,4,2868901
665,3700096062,~SOLO,50 OZ,8,2868921
665,3700096063,SOLO REFILL,40 OZ,12,2868941
665,3700097066,LQD CHEER W/CLR GRD,64 OZ,9,2867921
665,3700097071,LQD CHEER W/ COLOR G,128 OZ,4,2867905
665,3700097080,LQ CHEER,50 OZ,8,2867431
665,3700097081,LQ CHEER,100 OZ,4,2867401
665,3700097083,~LQ CHERR REFILL,40 OZ,12,2867461
665,3700097089,CHEER LIQUID REFILL,90 OZ,6,2867561
665,3700097120,LIQUID BOLD $1 OFF,64 OZ,9,2869081
665,3700097138,~BOLD,50 OZ,8,2868651
665,3700097139,LIQUID BOLD,100 OZ,4,2868661
665,3700097148,ÂBOLDREFILL,40 OZ,12,2868661
665,3700097149,~BOLD LIQ REFILL,90 OZ,6,2868671
665,3700097300,LEMON DASH LIQUID,128 OZ,4,2869341
665,3700097305,LIQ. LEM. PP$5.99 DA,128 OZ,4,2869341
665,3700097306,LIQ. LEM. PP$5.69 DA,128 OZ,4,2869341
665,3700097330,LEMON DASH,64 OZ,9,2869321
666,3700097333,LEMON LIQ DASH,64 OZ,9,2869321
665,3700097800,~LIQUID GAIN DETERGE,100 OZ,4,2868631
666,3828128049,DOM 1/4 CUP CONC DET,33 OZ,6,2876601
666,3828128053,DOM CONC LNDRY DET,157 OZ,4,2859551
665,3828128061,~DOM HDL LIQ LNDRY D,64 OZ,9,2868241
665,3828128093,HH WOOLWASH,16 OZ,12,2884481
665,3828128095,HH WOOLWASH,16 OZ,12,2884441
665,3828128099,~DOM WOOLWASH,32 OZ,12,2884511
666,3828128157,HH POWDERED LAUNDRY,42 OZ,14,2873491
665,3828128202,~DOM HD LIQUID LAUDR,128 OZ,4,2868271
665,3828128203,DOM HVY DUTY LIQ LAU,128 OZ,4,2868701
666,3828128237,DOM ULTRA W/BLEACH,46 OZ,10,2866241
666,3828128241,DOM ULTRA DETERGENT,42 OZ,10,2866221
666,3828128245,DOM ULTRA DETERGENT,98 OZ,4,2866261
666,3828128249,DOM ULTRA W/BLEACH,109 OZ,4,2866281
665,3828128285,~DOM ULTRA LIQ AL,32 OZ,12,2868301
665,3828128289,~DOM ULTRA LIQ AL,64 OZ,9,2868311
665,3828128293,~DOM ULTRA LIQ WK,32 OZ,12,2868001
665,3828128297,~DOM ULTRA LIQ WK,64 OZ,9,2868011
665,3828128305,DOM ULTRA LAUNDRY DE,50 OZ,8,2866111
665,3828128309,DOM ULTRA LAUNDRY DE,50 OZ,8,2866121
665,3828128313,~DOM ULTRA LNDRY DET,100 OZ,4,2866131
665,3828128317,DOM ULTRA LAUNDRY DE,100 OZ,4,2866141
665,3828128321,DOM ULTRA LAUNDRY DE,90 OZ,6,2866151
665,3828128325,DOM ULT DETERGENT W/,90 OZ,6,2866161
666,4142830018,GENERIC ALL PURPOSE,32 OZ,12,2859421
666,4142890016,GENERIC ALL PURPOSE,32 OZ,12,2859421
665,4650002256,SHOUT STICK,2.8 OZ,12,2858541
665,4650022256,SHOUT STICK,2.8 OZ,12,2858541
665,4650032256,SHOUT STICK BONUS PA,4.4 OZ,12,2858541
665,4650062257,SHOUT TRIGGER 50% FR,24 OZ,12,2858321
665,4917409705,EARTH FRIENDLY ECOS,64 OZ,8,2850051
665,5170035201,~DELICARE CLD WTR WA,16 OZ,12,2884460
665,5170035205,DELICARE $1.99 PREPR,16 OZ,12,2884460
665,5310035201,DELICARE COLD WATER,16 OZ,12,2884460
665,5460000137,~YES HDLP.P. $5.39,128 OZ,4,2868371
665,5460000152,~YES W/COLORSAFE BLE,64 OZ,6,2868351
665,5460000155,YES W/COLOR SFE BLCH,64 OZ,6,2868351
665,5460000169,YES HDL,96 OZ,4,2868371
665,5460000182,ÂYES HD LIQ W/FAB SO,64 OZ,6,2868361
665,5460000191,YES HDL PP $2.99,64 OZ,6,2868361
665,5460000196,YES HDL PP $4.39,96 OZ,4,2868371
665,5460000660,ULTRA YES PLUS FABRI,50 OZ,9,2867041
665,5460000661,ULT YES FAB SFTNR PP,50 OZ,9,2867021
665,5460000670,ULTRA YES COLOR SAFE,50 OZ,9,2867021
665,5460000671,ULT-YES COLORSFE BLC,50 OZ,9,2867001
665,5460000845,ULT YES FAB SFTNR PP,100 OZ,4,2867031
665,5460000855,ULT YES CLRSF BLEACH,100 OZ,4,2867011
665,5460000860,ULTRA YES PLUS FABRI,100 OZ,4,2867031
665,5460000861,ULT YES FAB SFTNR PP,100 OZ,4,2867031
665,5460000870,ULTRA YES COLOR SAFE,100 OZ,4,2867011
665,5460000871,ULT YES CLRSF BLEACH,100 OZ,4,2867011
665,6233806110,WOOLITE LIQUID,8 OZ,12,2884401
665,6233806130,WOOLITE LIQUID,16 OZ,12,2884451
665,6233806160,WOOLITE LIQUID,32 OZ,9,2884431
666,6233806170,~WOOLITE GENTLE CYCL,14 OZ,12,2884471
665,6233809383,WOOLITE LQD-SPRING S,32 OZ,9,2884421
665,6233882752,WOOLITE HYPO-ALLERGE,2 OZ,72,9828001
665,7506400090,RPC LIQUID LAUNDRY D,64 OZ,8,2868231
665,7527563447,GENERIC LIQ LAUNDRY,64 OZ,9,2868031
666,7572545440,GENERIC ALL PURPOSE,32 OZ,12,2859421
666,7572545451,GENERIC LAUNDRY DETE,157 OZ,4,2858851
665,7572545476,GENERIC LIQ LAUNDRY,64 OZ,9,2868031
665,7610210042,~GENERIC LIQ LAUNDRY,64 OZ,9,2868031
666,7610210803,GENERIC ALL PURPOSE,32 OZ,12,2859421
665,8731354321,SILK N WASH,8 OZ,12,2800150
665,9451400038,XTRA LIQ LAUNDRY DET,128 OZ,160,2868771
665,9451400150,XTRA LAUN DETERG W/B,128 OZ,4,2868781
666,9451400230,XTRA CLASSIC PWDR LA,7 LB,4,2868791
666,20000100000,PUREX POWDERED PP $5,147 OZ,1,9886000
665,74917409705,EARTH FRIENDLY ECOS,64 OZ,8,2850051
